enabled,difficulty_key,round,kill_target,enemy_hp_multiplier,enemy_attack_multiplier,enemy_speed_multiplier,spawn_interval_seconds,notes,notes2
1,easy,1,10,1,1,1,1,,spawn_interval_seconds 　はエネミーの出現間隔
1,easy,2,10,1,1,1,1,,
1,easy,3,10,1,1,1,1,,
0,easy,4,10,1,2,1,1,,
0,easy,5,10,1,2,1,1,,
0,easy,6,10,1,2,1,1,,
0,easy,7,10,1,3.5,1,1,,
0,easy,8,10,1,3.5,1,1,,
0,easy,9,10,1,3.5,1,1,,
0,easy,10,10,1,3.5,1,1,,
1,normal,1,20,2,2,1,0.7,,
1,normal,2,20,2,2,1,0.7,,
1,normal,3,20,2,2,1,0.7,,
0,normal,4,20,1,2.5,1,0.7,,
0,normal,5,20,1,2.5,1,0.7,,
0,normal,6,20,1,2.5,1,0.7,,
0,normal,7,20,1,3.5,1,0.7,,
0,normal,8,20,1,3.5,1,0.7,,
0,normal,9,20,1,3.5,1,0.7,,
0,normal,10,20,1,3.5,1,0.7,,
