enabled,asset_key,asset_type,owner_key,description,direction,sprite_scale,sprite_file,notes,notes2
1,player_back,player,player,背面,back,1,man1.png,,
1,player_back_right,player,player,背面右向き,back_right,1,man2.png,asset_key,素材を識別する一意のキー
1,player_right,player,player,右向き,right,1,man3.png,asset_type,player、enemy、sword、effectなど
1,player_front_right,player,player,正面右向き,front_right,1,man4.png,owner_key,素材を使用する敵やプレイヤーのキー
1,player_front,player,player,正面,front,1,man5.png,description,日本語の説明
1,player_front_left,player,player,正面左向き,front_left,1,man6.png,direction,プレイヤー画像の方向
1,player_left,player,player,左向き,left,1,man7.png,,
1,player_back_left,player,player,背面左向き,back_left,1,man8.png,sprite_file,画像ファイル名
,,,,,,,,,
0,enemy_slime_blue,enemy,slime_blue,青スライム,,1,slime_blue.png,,
0,enemy_slime_green,enemy,slime_green,緑スライム,,1.5,slime_green.png,,
0,enemy_slime_metal,enemy,slime_metal,金属スライム,,,,,
0,enemy_slime_red,enemy,slime_red,赤,,,,,
0,enemy_slime_purple,enemy,slime_purple,紫,,,,,
0,enemy_slime_black,enemy,slime_black,黒,,,,,
0,enemy_dragon_red,enemy,dragon_red,炎竜,,,,,
0,enemy_golem_metal,enemy,golem_metal,ゴーレム,,,,,
,,,,,,,,,
1,sword_default,sword,player,剣1,,1,sword.svg,,
0,sword_2,sword,player,剣2,,,,,
0,sword_3,sword,player,剣3,,,,,
0,effect_attack_hit,effect,common,攻撃エフェクト,,,,,
0,effect_swing,effect,common,スイングエフェクト,,,,,
