enabled,owner_type,owner_key,action,range_px,angle_degrees,ground_effect_key,ground_effect_duration_seconds,ground_effect_frame_seconds,ground_effect_delay_seconds,notes,notes2
1,player,player,normal,48,182,,,,,,
1,player,player,spin,48,360,,,,,,
1,player,player,object,48,203,,,,,,
1,enemy,slime_blue,contact,0,360,,,,,,
1,enemy,slime_blue,normal,55,80,,,,,,
1,enemy,slime_green,contact,0,360,,,,,ground_effect_duration_seconds,地面に●秒残る 
1,enemy,slime_green,normal,55,80,,,,,ground_effect_frame_seconds,エフェクト1枚●秒表示
1,enemy,slime_red,contact,0,360,,,,,ground_effect_delay_seconds,攻撃終了から●秒後に発生[animation]ground_effect_startを設定してから
1,enemy,slime_red,normal,55,80,,,,,,
1,enemy,slime_purple,contact,0,360,,,,,,
1,enemy,slime_purple,normal,55,80,,,,,,
1,enemy,slime_black,contact,0,360,,,,,,
1,enemy,slime_black,normal,80,90,,,,,,
1,enemy,dragon_frost,contact,0,360,,,,,,
1,enemy,dragon_frost,normal,25,90,,0,0,0,,
1,enemy,dragon_frost,special,80,120,fire_ground,3,0.15,0.4,,
