enabled,round,enemy_key,spawn_weight,max_alive,max_per_round,start_elapsed_seconds,guaranteed_once,notes_spellcheck_enemy,notes2,notes3
1,1,slime_blue,45,0,0,0,0,1,max_per_round,そのラウンドで出現できる総数。0は制限なし
1,1,slime_green,35,0,0,0,0,1,start_elapsed_seconds,ラウンド開始から何秒後に出現候補へ入るか
1,1,slime_red,20,0,0,0,0,1,guaranteed_once,条件到達時に1体を確定出現させるか
1,2,slime_blue,20,0,0,0,0,1,max_alive,フィールドに同時存在できる上限。0は制限なし
1,2,slime_green,30,0,0,0,0,1,,
1,2,slime_red,35,0,0,0,0,1,,
1,2,slime_purple,15,0,0,0,0,1,,
1,3,slime_green,25,0,0,0,0,1,,
1,3,slime_red,50,0,0,0,0,1,,
1,3,slime_purple,25,0,0,0,0,1,,
1,4,slime_green,20,0,0,0,0,1,,
1,4,slime_red,35,0,0,0,0,1,,
1,4,slime_black,15,0,0,20,1,1,,
1,4,slime_purple,30,0,0,0,0,1,,
1,5,slime_red,45,0,0,0,0,1,,
1,5,slime_black,25,0,0,0,0,1,,
1,5,slime_purple,20,0,0,0,0,1,,
1,5,slime_metal,10,1,0,30,1,1,,
0,8,dragon_red,3,1,2,20,0,1,ラウンド8の開始20秒後から炎竜が抽選対象に入り、同時に1体、そのラウンドで最大2体出現します ,
