enabled,enemy_key,description,action,frame_index,frame_seconds,move_speed_px_per_second
1,slime_blue,青スライム,move_speed,,,18
1,slime_blue,青スライム,move,1,0.2,
1,slime_blue,青スライム,move,2,0.23,
1,slime_blue,青スライム,move,3,0.5,
1,slime_blue,青スライム,move,4,0.23,
1,slime_blue,青スライム,attack,1,0.33,
1,slime_blue,青スライム,attack,2,0.11,
1,slime_blue,青スライム,attack,3,0.11,
1,slime_blue,青スライム,attack,4,0.11,
1,slime_blue,青スライム,attack,5,0.11,
,,,,,,
1,slime_green,緑スライム,move_speed,,,18
1,slime_green,緑スライム,move,1,0.2,
1,slime_green,緑スライム,move,2,0.23,
1,slime_green,緑スライム,move,3,0.5,
1,slime_green,緑スライム,move,4,0.23,
1,slime_green,緑スライム,attack,1,0.33,
1,slime_green,緑スライム,attack,2,0.11,
1,slime_green,緑スライム,attack,3,0.11,
1,slime_green,緑スライム,attack,4,0.11,
1,slime_green,緑スライム,attack,5,0.11,
,,,,,,
1,slime_red,赤スライム,move_speed,,,18
1,slime_red,赤スライム,move,1,0.2,
1,slime_red,赤スライム,move,2,0.23,
1,slime_red,赤スライム,move,3,0.5,
1,slime_red,赤スライム,move,4,0.23,
1,slime_red,赤スライム,attack,1,0.33,
1,slime_red,赤スライム,attack,2,0.11,
1,slime_red,赤スライム,attack,3,0.11,
1,slime_red,赤スライム,attack,4,0.11,
1,slime_red,赤スライム,attack,5,0.11,
,,,,,,
1,slime_purple,紫スライム,move_speed,,,18
1,slime_purple,紫スライム,move,1,0.2,
1,slime_purple,紫スライム,move,2,0.23,
1,slime_purple,紫スライム,move,3,0.5,
1,slime_purple,紫スライム,move,4,0.23,
1,slime_purple,紫スライム,attack,1,0.33,
1,slime_purple,紫スライム,attack,2,0.11,
1,slime_purple,紫スライム,attack,3,0.11,
1,slime_purple,紫スライム,attack,4,0.11,
1,slime_purple,紫スライム,attack,5,0.11,
,,,,,,
1,slime_black,黒スライム,move_speed,,,18
1,slime_black,黒スライム,move,1,0.2,
1,slime_black,黒スライム,move,2,0.23,
1,slime_black,黒スライム,move,3,0.5,
1,slime_black,黒スライム,move,4,0.23,
1,slime_black,黒スライム,attack,1,0.33,
1,slime_black,黒スライム,attack,2,0.11,
1,slime_black,黒スライム,attack,3,0.11,
1,slime_black,黒スライム,attack,4,0.11,
1,slime_black,黒スライム,attack,5,0.11,
,,,,,,
0,slime_metal,金属スライム,move_speed,,,18
0,slime_metal,金属スライム,move,1,0.2,
0,slime_metal,金属スライム,move,2,0.23,
0,slime_metal,金属スライム,move,3,0.5,
0,slime_metal,金属スライム,move,4,0.23,
0,slime_metal,金属スライム,attack,1,0.33,
0,slime_metal,金属スライム,attack,2,0.11,
0,slime_metal,金属スライム,attack,3,0.11,
0,slime_metal,金属スライム,attack,4,0.11,
0,slime_metal,金属スライム,attack,5,0.11,
,,,,,,
,,,,,,
,,,,,,
,,,,,,
,,,,,,
,,,,,,
,,,,,,
,,,,,,
,,,,,,
,,,,,,
0,dragon_red,炎竜,move,1,0.2,
0,golem_metal,ゴーレム,move,1,0.2,
