enabled,ai_type,ai_detection_range_px,ai_stop_distance_px,ai_lose_target_range_px,ai_wait_seconds,ai_obstacle_handling,ai_contact_damage_enabled,ai_attack_preparation_seconds,ai_attack_recovery_seconds,ai_move_during_attack,ai_flinch_normal,ai_flinch_during_attack,ai_knockback_normal,ai_knockback_during_attack,notes,notes2
1,chase2,9998,0,9999,0.3,0,0,0.3,0.3,1,1,1,1,1,ai_type,AIの種類
0,,,,,,,,,,,,,,,ai_detection_range_px,プレイヤーを見つけて追跡を始める距離
0,,,,,,,,,,,,,,,ai_stop_distance_px,プレイヤーに近づいた際の停止距離
,,,,,,,,,,,,,,,ai_lose_target_range_px,追跡をやめる距離
,,,,,,,,,,,,,,,ai_wait_seconds,待機してから行動を再開するまでの時間
,,,,,,,,,,,,,,,ai_obstacle_handling ,障害物への対処 0＝停止、1＝回り道(未対応)
,,,,,,,,,,,,,,,ai_contact_damage_enabled ,接触ダメージ
,,,,,,,,,,,,,,,ai_attack_preparation_seconds ,攻撃準備時間
,,,,,,,,,,,,,,,ai_attack_recovery_seconds ,次の行動までの時間 
,,,,,,,,,,,,,,,ai_move_during_attack ,攻撃中の移動
,,,,,,,,,,,,,,,ai_flinch_normal,ひるみ（通常）
,,,,,,,,,,,,,,,ai_flinch_during_attack,ひるみ（攻撃中）
,,,,,,,,,,,,,,,ai_knockback_normal,ノックバック（通常）
,,,,,,,,,,,,,,,ai_knockback_during_attack,ノックバック（攻撃中） 
