key,description,value,type,min,max,unit,notes,notes_spellcheck
sword_scale,剣のサイズ,1,number,0.25,3,scale,いらなくなるかも,0
player_scale,プレイヤーのサイズ,1,number,0.25,3,scale,いらなくなるかも,0
,,,,,,,その他↓,
move_distance_per_energy,移動時の行動力消費,40,number,1,100,pixel_per_point,指定した距離が大きいほど、減少量が減る,0
sword_cost,通常攻撃消費数,1,integer,1,150,count,,
spin_sword_cost,回転斬りの剣消費数,10,integer,1,150,count,,0
max_sword_count,剣カウント上限,150,integer,1,1000,count,,0
white_aura_interval,白オーラ発動間隔,10,integer,1,1000,count,,0
red_aura_interval,赤オーラ発動間隔,30,integer,1,1000,count,,0
spin_charge_seconds,回転斬りの長押し時間,1.5,number,0.1,10,seconds,,0
damage_knockback_distance_px,プレイヤーが被弾したときに押される距離 ,30,number,0,100,pixel_per_point,,0
,,,,,,,ダメージ系↓,
base_attack_damage,通常攻撃力,1,integer,1,100,damage,,0
white_aura_damage,白オーラ攻撃力,5,integer,1,100,damage,,0
red_aura_damage,赤オーラ攻撃力,20,integer,1,500,damage,,0
spin_min_damage,回転斬りの最低ダメージ,5,integer,1,500,damage,,0
,,,,,,,エフェクト↓,
normal_attack_effect_scale,通常攻撃のエフェクト,1,number,0.25,3,scale,攻撃時にエネミー側に出すエフェクト,0
white_attack_effect_scale,白攻撃のエフェクト,1,number,0.25,3,scale,攻撃時にエネミー側に出すエフェクト,0
red_attack_effect_scale,赤攻撃のエフェクト,2,number,0.25,3,scale,攻撃時にエネミー側に出すエフェクト,0
