enabled,enemy_key,description,index,asset_key,drop_weight,quantity,notes,notes2,notes3
1,slime_blue,青スライム,1,sand_blue,50,1,,10,
1,slime_blue,青スライム,2,,10,0,,#N/A,
1,slime_blue,青スライム,3,,40,0,ドロップなければ、asset_keyは空白、weightは埋める,#N/A,
1,slime_green,緑スライム,1,sand_blue,40,1,,8,
1,slime_green,緑スライム,2,sand_green,40,1,,16,
1,slime_green,緑スライム,3,,20,0,,#N/A,
1,slime_red,赤スライム,1,sand_green,40,1,,16,
1,slime_red,赤スライム,2,sand_red,40,1,,32,
1,slime_red,赤スライム,3,,20,0,,#N/A,
1,slime_purple,紫スライム,1,sand_red,50,1,,40,
1,slime_purple,紫スライム,2,sand_purple,25,1,,25,
1,slime_purple,紫スライム,3,,25,0,,#N/A,
1,slime_black,黒スライム,1,sand_green,19,1,,7.6,
1,slime_black,黒スライム,2,sand_red,35,1,,28,
1,slime_black,黒スライム,3,sand_purple,45,1,,45,
1,slime_black,黒スライム,4,sand_black,1,1,,2,
